Month,Year,Site-No,Site-Name,Grid reference,Temperature,N2O-N,CH4-C,CO2-C ,NO3-N,NH4-N,TDN-N,DON-N,DOC,TDC,DIC,CO2 Sat,CH4 Sat,N2O Sat
February,2009,1,Tay Perth,NO 1214523216,2.92,0.58,0.58,0.54,0.65,0.02,0.86,0.19,3.36,7.72,4.36,190.11,1139.62,128.07
March,2009,1,Tay Perth,NO 1214523216,7.33,0.54,0.42,0.5,0.79,0.02,0.86,0.05,3.26,7.49,4.24,206.16,777.24,139.88
April,2009,1,Tay Perth,NO 1214523216,8.49,0.41,0.44,0.64,0.58,0.03,0.7,0.08,3.34,9.46,6.13,274.62,777.52,110.3
May,2009,1,Tay Perth,NO 1214523216,9.73,0.46,0.86,0.48,0.59,0.02,0.79,0.17,4.36,8.38,4.03,215.58,1440.14,130.06
June,2009,1,Tay Perth,NO 1214523216,13.3,0.43,0.51,0.66,0.37,0.04,0.57,0.16,3.36,9.01,5.65,334.44,717.69,137.82
July,2009,1,Tay Perth,NO 1214523216,17.67,0.38,0.56,0.35,0.39,0.03,0.56,0.14,2.99,10.37,7.39,201.98,605.57,144.78
August,2009,1,Tay Perth,NO 1214523216,16.37,0.45,0.53,0.38,0.47,0.03,0.65,0.15,4.9,11.35,6.46,211.54,620.95,163.42
September,2009,1,Tay Perth,NO 1214523216,13.1,0.63,0.82,0.67,0.72,0.03,0.85,0.1,4.63,10.09,5.47,336.54,1162.32,201.06
October,2009,1,Tay Perth,NO 1214523216,10.1,0.49,0.45,0.72,0.62,0.02,0.69,0.05,3.79,7.91,4.13,327.71,744.78,139.88
November,2009,1,Tay Perth,NO 1214523216,7.1,0.65,0.76,0.65,0.89,0.02,0.99,0.08,3.96,8,4.03,267.57,1405.07,166.13
December,2009,1,Tay Perth,NO 1214523216,5.04,0.66,0.67,0.56,0.69,0.02,0.78,0.07,3.22,9.28,6.06,212.41,1294.65,156.66
January,2010,1,Tay Perth,NO 1214523216,2.73,0.47,0.47,0.47,0.76,0.02,0.88,0.1,3.18,7.85,4.67,163.45,919.38,102.9
February,2010,1,Tay Perth,NO 1214523216,3.02,0.48,0.49,0.62,1.09,0.04,1.25,0.12,3.02,7.91,4.89,218.27,960.94,106.37
March,2010,1,Tay Perth,NO 1214523216,7.2,0.49,0.45,0.57,0.81,0.02,1.01,0.17,4.22,8.78,4.57,235.36,829.98,126.2
April,2010,1,Tay Perth,NO 1214523216,7.29,0.41,0.67,0.63,0.59,0.02,0.75,0.14,3.85,9.08,5.24,259.35,1232.32,105.77
May,2010,1,Tay Perth,NO 1214523216,14.1,0.4,0.75,0.45,0.5,0.02,0.71,0.19,3.34,9.02,5.68,233.91,1005.39,133.03
June,2010,1,Tay Perth,NO 1214523216,17.05,0.39,0.56,0.47,0.28,0.04,0.45,0.12,3.79,10.09,6.3,266.67,630.25,145.47
July,2010,1,Tay Perth,NO 1214523216,16.74,0.41,0.45,0.32,0.54,0.03,0.89,0.31,5.68,9.91,4.24,181.12,515.56,151.11
August,2010,1,Tay Perth,NO 1214523216,16.19,0.49,0.4,0.67,0.71,0.03,0.87,0.13,4.36,8.86,4.5,369.95,473.8,176.24
September,2010,1,Tay Perth,NO 1214523216,12.47,0.68,0.46,0.76,0.61,0.03,0.75,0.1,4.84,10.18,5.35,374.81,676.74,212.48
October,2010,1,Tay Perth,NO 1214523216,8.34,0.66,0.53,0.69,0.79,0.03,1.02,0.21,3.84,7.85,4.02,296.24,942.19,176.48
November,2010,1,Tay Perth,NO 1214523216,4.25,0.65,0.67,0.69,0.77,0.03,0.91,0.11,4.13,8.25,4.13,254.22,1305.01,149.92
December,2010,1,Tay Perth,NO 1214523216,1.81,0.52,0.45,0.57,0.97,0.03,1.13,0.13,3.26,8.06,4.8,191.9,873.28,110.13
February,2009,2,River Almond,NO 0940926552,2.7,0.5,0.47,0.35,1.45,0.03,1.83,0.34,2.83,7.18,4.34,120.5,914.91,109.86
March,2009,2,River Almond,NO 0940926552,7.3,0.6,0.35,0.49,1.47,0.02,1.73,0.24,2.84,11.2,8.36,201.77,641.41,155.11
April,2009,2,River Almond,NO 0940926552,8.9,0.46,0.22,0.67,1.56,0.02,1.83,0.25,2.6,12.97,10.37,292.18,387.83,123.93
May,2009,2,River Almond,NO 0940926552,10.5,0.61,0.56,0.55,2.03,0.02,1.91,-0.13,3.25,11.52,8.27,253.69,906.16,176.91
June,2009,2,River Almond,NO 0940926552,12.6,0.67,0.45,0.69,0.99,0.02,1.12,0.1,3.07,13.48,10.41,341.7,654.34,210.67
July,2009,2,River Almond,NO 0940926552,16.5,0.63,0.56,0.5,1.09,0.01,1.36,0.26,2.44,11.32,8.88,278.77,648.15,229.43
August,2009,2,River Almond,NO 0940926552,16.9,0.6,0.34,0.55,0.83,0.01,0.94,0.09,2.75,12.07,9.32,312.44,383.96,221.22
September,2009,2,River Almond,NO 0940926552,12,0.91,0.37,1.07,1.49,0.02,1.68,0.17,2.69,9.42,6.72,520.2,556.44,278.29
October,2009,2,River Almond,NO 0940926552,10.3,0.4,0.31,0.6,1.71,0.02,2.01,0.28,3.44,10.85,7.41,272.97,502.9,114.97
November,2009,2,River Almond,NO 0940926552,6.1,0.83,0.33,0.81,0.73,0.01,0.89,0.15,4.24,16.32,12.08,320.31,617.52,203.97
December,2009,2,River Almond,NO 0940926552,4.1,0.65,0.98,0.53,1.21,0.01,1.42,0.19,3.06,8.5,5.44,194.15,1904.79,149.02
January,2010,2,River Almond,NO 0940926552,3.1,0.53,0.56,0.56,1.14,0.01,1.29,0.13,3.86,6.98,3.12,199.23,1091.22,117.51
February,2010,2,River Almond,NO 0940926552,3.1,0.57,0.45,0.72,1.67,0.02,1.92,0.24,2.92,4.07,1.15,254.19,877.34,126.12
March,2010,2,River Almond,NO 0940926552,7.2,0.66,0.36,0.57,1.27,0.01,1.49,0.2,4.13,9.6,5.47,233.87,661.68,169.28
April,2010,2,River Almond,NO 0940926552,9.89,0.59,0.44,0.87,1.05,0.05,1.2,0.1,2.88,9.27,6.39,392.87,732.05,166.82
May,2010,2,River Almond,NO 0940926552,14.2,0.73,0.48,0.59,0.87,0.01,0.22,-0.01,2.39,9.16,6.77,307.63,637.72,242.42
June,2010,2,River Almond,NO 0940926552,17.2,0.6,0.53,0.57,1.3,0.01,1.48,0.16,2.31,12.7,10.4,324.73,587.53,224.26
July,2010,2,River Almond,NO 0940926552,18.1,0.67,0.43,0.49,0.78,0.03,0.88,0.07,3.95,9.25,5.3,285.97,450.78,259.12
August,2010,2,River Almond,NO 0940926552,15.1,0.68,0.4,0.93,0.87,0.02,1,0.1,2.64,10.96,8.32,498.58,503.96,233.82
September,2010,2,River Almond,NO 0940926552,12.5,1.69,0.46,1.07,0.46,0.03,0.57,0.07,3.38,8.2,4.82,528.93,672.53,525.99
October,2010,2,River Almond,NO 0940926552,9.7,0.76,0.48,1.09,1.23,0.03,1.43,0.16,3,11.18,8.18,488.95,805.27,213.44
November,2010,2,River Almond,NO 0940926552,4.1,0.63,0.59,0.97,1.45,0.03,1.71,0.23,3.72,10.6,6.89,355.32,1147.16,144.64
December,2010,2,River Almond,NO 0940926552,2.3,0.67,0.56,0.76,0.98,0.01,1.12,0.13,3.2,5.6,2.41,260.5,1088.07,144.25
February,2009,3,River Isla,NO 1630838094,2.6,0.68,1.81,0.75,1.7,0.02,2.16,0.62,2.86,12.04,9.18,261.24,3525.94,148.51
March,2009,3,River Isla,NO 1630838094,7.1,0.94,1.13,0.78,2.94,0.03,3.72,1.07,4.23,20.54,16.31,318.88,2082.92,238.84
April,2009,3,River Isla,NO 1630838094,8.8,0.71,2.61,0.94,2.64,0.06,3.37,0.97,3.43,22.78,19.36,408.47,4542.22,193.85
May,2009,3,River Isla,NO 1630838094,10.6,0.62,9.83,0.86,2.58,0.04,3.28,0.94,3.72,13.67,9.95,307.15,15824.25,179.6
June,2009,3,River Isla,NO 1630838094,12.8,0.64,6.72,1.12,1.03,0.09,1.41,0.41,2.78,16.77,13.99,558.31,9665.21,200.67
July,2009,3,River Isla,NO 1630838094,16.7,0.62,2.4,0.54,1.16,0.09,1.57,0.46,1.93,16.52,14.59,305.1,2743.9,226.83
August,2009,3,River Isla,NO 1630838094,17.2,0.65,3.67,0.5,2.45,0.05,3.13,1.39,4.13,20.56,16.43,285.14,4068.4,240.71
September,2009,3,River Isla,NO 1630838094,13.1,1.02,9.79,1.43,2.77,0.05,3.53,1.02,5.78,26.32,20.54,720.35,13855.36,324.31
October,2009,3,River Isla,NO 1630838094,10.3,0.76,2.35,1.02,1.99,0.04,2.54,0.73,4.43,14.38,9.95,468.87,3838.73,219.13
November,2009,3,River Isla,NO 1630838094,6.7,1.24,7.27,1.27,2.66,0.05,3.39,0.99,4.72,14.27,9.54,509.99,13539.55,311.4
December,2009,3,River Isla,NO 1630838094,4.6,1.03,9.12,0.97,2.2,0.07,2.84,0.83,2.63,15.61,12.99,361.94,17647.9,239.32
January,2010,3,River Isla,NO 1630838094,3.5,0.77,4.27,0.68,2.11,0.05,2.71,1.25,2.88,11.77,8.89,243.39,8330.03,173.38
February,2010,3,River Isla,NO 1630838094,3.6,0.8,2.34,0.81,2.33,0.08,3.02,0.87,1.92,10.46,8.54,291.3,4560.43,180.73
March,2010,3,River Isla,NO 1630838094,7.3,0.82,1.23,0.71,2.8,0.06,3.57,1.04,4.69,19.24,14.55,292.38,2254.16,211.08
April,2010,3,River Isla,NO 1630838094,9.5,0.64,3.23,0.85,2.31,0.06,2.97,0.89,2.97,14.79,11.83,378.71,5465.36,177.49
May,2010,3,River Isla,NO 1630838094,14.5,0.63,1.58,0.56,2.11,0.07,2.73,0.79,1.75,10.95,9.2,292.63,2062.69,210.13
June,2010,3,River Isla,NO 1630838094,17.7,0.65,1.23,0.75,0.64,0.08,0.9,0.27,1.78,10.88,9.1,434.26,1321.93,247.69
July,2010,3,River Isla,NO 1630838094,18.6,0.61,2.1,0.52,1.87,0.09,2.45,0.74,5.64,16.59,10.95,307.38,2133.95,238.22
August,2010,3,River Isla,NO 1630838094,15.2,0.79,1.23,0.91,1.91,0.05,2.46,0.74,4.26,17.81,13.55,489.34,1540.45,273.87
September,2010,3,River Isla,NO 1630838094,12.7,1.1,7.89,1.14,2.41,0.05,3.07,0.89,4.59,19.04,14.46,566.44,11410.41,345.01
October,2010,3,River Isla,NO 1630838094,9.6,1.18,3.2,0.99,2.67,0.03,2.77,0.8,2.86,11.25,8.39,442.56,5391.69,330.03
November,2010,3,River Isla,NO 1630838094,4.2,1.19,5.1,0.93,2.04,0.03,2.6,0.75,3.63,11.34,7.71,341.96,9909.31,274.33
December,2010,3,River Isla,NO 1630838094,2.1,0.92,3.24,0.83,2.93,0.04,3.72,1.08,2.26,13.31,11.05,282.42,6285.06,196.91
February,2009,4,Tay Kinclaven,NO 1593037946,3.97,0.61,0.52,0.43,0.39,0.02,0.72,0.31,3.49,6.5,3.01,155.49,1019.46,139.64
March,2009,4,Tay Kinclaven,NO 1593037946,8.18,0.52,0.47,0.51,0.38,0.02,0.68,0.27,3.14,5.95,2.81,216.81,837.33,137.74
April,2009,4,Tay Kinclaven,NO 1593037946,9.25,0.47,0.34,0.56,0.26,0.02,0.47,0.19,3.32,7.67,4.35,247.28,575.57,129.78
May,2009,4,Tay Kinclaven,NO 1593037946,10.68,0.51,0.7,0.47,0.33,0.01,1.09,0.74,4.48,7.3,2.82,218.18,1129.54,147.37
June,2009,4,Tay Kinclaven,NO 1593037946,12.7,0.4,0.54,0.58,0.28,0.02,0.49,0.19,3.62,7.83,4.22,288.2,781.04,124.61
July,2009,4,Tay Kinclaven,NO 1593037946,15.75,0.38,0.63,0.37,0.17,0.01,0.32,0.14,3.29,9.06,5.77,202.27,763.34,134.36
August,2009,4,Tay Kinclaven,NO 1593037946,17.34,0.42,0.61,0.4,0.18,0.01,0.33,0.14,5.03,9.66,4.63,229.05,670.45,156.36
September,2009,4,Tay Kinclaven,NO 1593037946,13.6,0.46,0.51,0.7,0.22,0.01,0.39,0.16,4.48,8.17,3.68,355.88,701.56,149.71
October,2009,4,Tay Kinclaven,NO 1593037946,10.3,0.48,0.63,0.61,0.17,0.02,0.34,0.15,3.61,6.24,2.63,279.85,1024.68,136.3
November,2009,4,Tay Kinclaven,NO 1593037946,7.3,0.61,1.14,0.43,0.19,0.01,0.36,0.16,3.76,6.32,2.56,178.3,2094.57,157.3
December,2009,4,Tay Kinclaven,NO 1593037946,5.2,0.62,0.81,0.48,0.25,0.01,0.45,0.19,3.36,7.6,4.24,183.13,1555.86,147.14
January,2010,4,Tay Kinclaven,NO 1593037946,4.09,0.54,0.53,0.43,0.27,0.01,0.48,0.21,3.27,6.48,3.21,158.53,1025.1,122.43
February,2010,4,Tay Kinclaven,NO 1593037946,3.84,0.46,0.43,0.48,0.36,0.02,0.64,0.26,3.37,7.05,3.68,174.17,837.41,105.38
March,2010,4,Tay Kinclaven,NO 1593037946,7.4,0.45,0.47,0.58,0.26,0.02,0.48,0.19,4.14,7.19,3.05,239.74,858.96,116.72
April,2010,4,Tay Kinclaven,NO 1593037946,7.7,0.41,0.72,0.6,0.22,0.01,0.4,0.17,4.18,8.08,3.9,250.87,1303.33,106.22
May,2010,4,Tay Kinclaven,NO 1593037946,13.98,0.37,0.67,0.43,0.31,0.01,0.54,0.22,3.8,8.43,4.63,221.11,901.61,120.91
June,2010,4,Tay Kinclaven,NO 1593037946,16.56,0.36,0.61,0.42,0.2,0.01,0.36,0.15,4.58,10.01,5.44,235.05,703.45,129.27
July,2010,4,Tay Kinclaven,NO 1593037946,17.79,0.37,0.43,0.34,0.21,0.01,0.38,0.16,5.68,8.5,2.82,196.86,459.67,141.28
August,2010,4,Tay Kinclaven,NO 1593037946,16.64,0.36,0.41,0.48,0.2,0,0.37,0.16,4.5,7.86,3.36,269.24,470.53,132.17
September,2010,4,Tay Kinclaven,NO 1593037946,12,0.53,0.51,0.51,0.22,0.01,0.4,0.17,5.08,8.9,3.81,247.62,765.94,162.46
October,2010,4,Tay Kinclaven,NO 1593037946,7.88,0.61,0.54,0.69,0.24,0.01,0.43,0.19,4.08,6.97,2.89,290.17,971.86,160.77
November,2010,4,Tay Kinclaven,NO 1593037946,5.07,0.67,0.89,0.48,0.18,0.02,0.33,0.14,4.47,7.44,2.97,182.65,1713.54,159.24
December,2010,4,Tay Kinclaven,NO 1593037946,2.52,0.48,0.51,0.55,0.23,0.01,0.41,0.18,3.73,7.41,3.68,190.08,992.5,104.63
February,2009,5,Clunie Out,NO 1593137947,3.5,0.6,0.85,0.71,1.26,0.03,1.81,0.51,3.37,13.72,10.35,254.32,1656.97,133.93
March,2009,5,Clunie Out,NO 1593237948,7.2,0.68,0.96,0.67,1.15,0.03,1.64,0.47,4.02,14.52,10.5,274.9,1764.48,172.86
April,2009,5,Clunie Out,NO 1593337949,8.9,0.43,1.1,0.48,0.96,0.02,1.38,0.39,3.92,15.09,11.17,209.33,1907.88,116.54
May,2009,5,Clunie Out,NO 1593437950,10.9,0.58,0.79,0.46,2.03,0.02,2.87,0.82,3.15,15.18,12.03,215.14,1254.22,169.21
June,2009,5,Clunie Out,NO 1593537951,13.4,0.52,1.23,0.67,0.69,0.01,0.98,0.28,3.86,16.04,12.18,340.57,1716.49,168.87
July,2009,5,Clunie Out,NO 1593637952,17.2,0.58,1.67,0.39,0.34,0.03,0.51,0.14,8.18,24.49,16.32,222.22,1851.35,215.81
August,2009,5,Clunie Out,NO 1593737953,17.6,0.6,1.7,0.48,0.4,0.03,0.6,0.17,3.74,16.13,12.4,274.18,1838.48,227.25
September,2009,5,Clunie Out,NO 1593837954,15.2,0.53,2.16,0.83,0.54,0.03,0.8,0.22,4.18,18.04,13.85,444.89,2701.88,182.27
October,2009,5,Clunie Out,NO 1593937955,10.7,0.64,0.44,1.22,0.6,0.04,0.89,0.25,5.33,21.48,16.15,565.69,705.58,186.35
November,2009,5,Clunie Out,NO 1594037956,7,1.06,0.37,1.48,0.59,0.01,0.85,0.24,4.08,18.05,13.96,601.7,680.71,269.89
December,2009,5,Clunie Out,NO 1594137957,4,0.81,0.79,0.78,0.62,0.02,0.9,0.26,4.64,18.18,13.53,284.71,1541.78,184.61
January,2010,5,Clunie Out,NO 1594237958,3.4,0.64,0.76,0.7,0.7,0.08,1.06,0.28,7.01,22,14.99,249.34,1487.14,143.04
February,2010,5,Clunie Out,NO 1594337959,3.2,0.53,0.86,0.78,1.01,0.02,1.45,0.41,3.22,13.41,10.18,276.04,1676.98,116.8
March,2010,5,Clunie Out,NO 1594437960,7.3,0.56,1.21,0.85,0.87,0.01,1.24,0.36,3.65,14.35,10.7,349.19,2217.54,143.65
April,2010,5,Clunie Out,NO 1594537961,7.3,0.68,0.87,0.69,0.69,0.03,1,0.28,4.88,17.12,12.24,284.14,1594.42,174.96
May,2010,5,Clunie Out,NO 1594637962,14.6,0.58,1.34,0.46,0.53,0.02,0.76,0.22,3.71,16,12.29,242.88,1739.17,194.81
June,2010,5,Clunie Out,NO 1594737963,17.5,0.5,1.55,0.57,0.63,0.02,0.91,0.26,4.17,16.35,12.18,327.45,1686.73,188.66
July,2010,5,Clunie Out,NO 1594837964,18.5,0.63,1.95,0.65,0.48,0.02,0.7,0.2,6.57,22.88,16.32,383.34,1994.06,247.96
August,2010,5,Clunie Out,NO 1594937965,16.1,0.72,1.98,0.59,0.48,0.02,0.7,0.2,2.73,15.12,12.4,325.94,2348.72,257.86
September,2010,5,Clunie Out,NO 1595037966,12.9,0.93,1.11,0.98,0.58,0.02,0.84,0.24,3.2,17.05,13.85,490.17,1587.9,293.34
October,2010,5,Clunie Out,NO 1595137967,7.8,1.04,0.89,1.69,0.69,0.02,0.99,0.28,3.81,19.96,16.15,708.62,1605.97,270.6
November,2010,5,Clunie Out,NO 1595237968,4.7,0.67,0.67,1.17,0.72,0.02,1.04,0.29,2.76,16.72,13.96,436.29,1295.87,156.55
December,2010,5,Clunie Out,NO 1595337969,2.5,0.59,0.57,0.95,0.8,0.02,1.15,0.05,3.59,17.12,13.54,328.07,1109.17,128.3
February,2009,6,Clunie In,NO 1595537971,2.3,0.55,0.42,0.61,0.78,0.01,1.11,0.32,3.83,11.29,7.46,207.72,822.03,117.69
March,2009,6,Clunie In,NO 1595637972,6.9,0.48,0.45,0.54,0.84,0.01,1.19,0.34,4.47,13.44,8.97,219.19,834.26,120.94
April,2009,6,Clunie In,NO 1595737973,8.1,0.39,0.51,0.47,0.42,0.01,0.61,0.17,4.24,14.42,10.18,198.35,909.3,102.96
May,2009,6,Clunie In,NO 1595837974,10.1,0.47,0.48,0.49,0.61,0.01,0.87,0.25,3.28,14.15,10.87,222.44,791.23,132.49
June,2009,6,Clunie In,NO 1595937975,12.1,0.51,0.64,0.49,0.27,0.01,0.4,0.12,4.11,14.7,10.59,238.69,956.01,156.5
July,2009,6,Clunie In,NO 1596037976,17.2,0.46,0.72,0.42,0.25,0.01,0.37,0.11,8.36,22.66,14.3,239.29,798.18,170.11
August,2009,6,Clunie In,NO 1596137977,16.1,0.37,0.67,0.49,0.04,0.01,0.11,0.06,3.92,14.6,10.68,270.63,794.73,130.52
September,2009,6,Clunie In,NO 1596237978,14.2,0.42,0.65,0.65,0.38,0.01,0.55,0.16,4.89,17.69,12.8,341.36,857.01,139.14
October,2009,6,Clunie In,NO 1596337979,9.5,0.43,0.2,0.8,0.39,0.01,0.57,0.16,6.07,21.12,15.06,357.63,343.51,120.73
November,2009,6,Clunie In,NO 1596437980,6,0.49,0.16,0.88,0.28,0.01,0.41,0.12,4.52,17.29,12.76,346.06,298.66,120.92
December,2009,6,Clunie In,NO 1596537981,2.8,0.45,0.11,0.76,0.32,0.01,0.47,0.14,4.79,15.07,10.28,265.37,223.2,98.86
January,2010,6,Clunie In,NO 1596637982,3,0.5,0.23,0.68,0.04,0.01,0.11,0.06,7.32,19.58,12.25,238.51,440.78,109.15
February,2010,6,Clunie In,NO 1596737983,3.5,0.43,0.34,0.56,0.37,0.01,0.54,0.16,3.67,12.12,8.45,200.66,662.84,96.48
March,2010,6,Clunie In,NO 1596837984,7.5,0.51,0.45,0.57,0.31,0.01,0.45,0.13,4.1,12.73,8.63,236.43,819.74,131.88
April,2010,6,Clunie In,NO 1596937985,7.6,0.45,0.38,0.56,0.21,0.01,0.32,0.1,5.41,16.73,11.32,233.13,690.12,116.11
May,2010,6,Clunie In,NO 1597037986,13.9,0.44,0.48,0.48,0.46,0.01,0.66,0.19,3.94,14.96,11.02,247.93,648.94,144.47
June,2010,6,Clunie In,NO 1597137987,16.7,0.44,0.84,0.5,0.25,0.01,0.36,0.11,4.39,14.98,10.59,281.29,960.45,162.36
July,2010,6,Clunie In,NO 1597237988,17.6,0.4,0.89,0.63,0.2,0.01,0.31,0.09,6.75,21.04,14.3,363.07,962.51,149.25
August,2010,6,Clunie In,NO 1597337989,16.3,0.34,0.99,0.55,0.2,0.01,0.3,0.09,2.91,13.59,10.68,305.63,1159.99,121.57
September,2010,6,Clunie In,NO 1597437990,12.1,0.59,0.73,0.67,0.33,0.01,0.48,0.14,3.5,16.29,12.8,326.35,1090.4,181.59
October,2010,6,Clunie In,NO 1597537991,7.2,0.53,0.65,0.94,0.65,0.01,0.93,0.27,4.44,19.49,15.06,385.27,1194.73,135.17
November,2010,6,Clunie In,NO 1597637992,4.1,0.55,0.44,0.76,0.36,0.01,0.52,0.15,3.1,15.86,12.77,277.66,855.53,126.82
December,2010,6,Clunie In,NO 1597737993,2.1,0.49,0.3,0.79,0.3,0.01,0.43,0.13,3.87,14.15,10.28,268.79,582.43,103.95
February,2009,7,River Tummel,NO 9755752143,3.6,0.52,1.07,0.53,0.11,0.05,0.59,0.29,3.07,4.53,1.46,188.82,2085.35,116.77
March,2009,7,River Tummel,NO 9755752143,7.8,0.45,0.78,0.43,0.12,0.01,0.61,0.34,3.48,4.96,1.47,180.31,1407.39,118.82
April,2009,7,River Tummel,NO 9755752143,8.9,0.39,0.73,0.36,0.15,0.01,0.72,0.42,4.01,6.89,2.88,157.02,1265.94,105.34
May,2009,7,River Tummel,NO 9755752143,10.1,0.4,1.23,0.38,0.21,0.01,1.01,0.44,5.59,7.61,2.02,172.87,2027.36,114.38
June,2009,7,River Tummel,NO 9755752143,12.4,0.37,0.98,0.47,0.15,0.01,0.7,0.41,4.84,8.06,3.22,231.24,1440.58,113.29
July,2009,7,River Tummel,NO 9755752143,17.1,0.34,1.34,0.31,0.15,0.01,0.74,0.44,4.08,7.45,3.37,176.14,1494.7,124.27
August,2009,7,River Tummel,NO 9755752143,16.2,0.36,1.45,0.34,0.11,0.01,0.54,0.29,6.17,9.17,3.01,185.73,1709.4,130.49
September,2009,7,River Tummel,NO 9755752143,14.5,0.43,2.73,0.6,0.13,0.01,0.62,0.35,5.09,6.85,1.77,316.47,3559.26,143.1
October,2009,7,River Tummel,NO 9755752143,10.1,0.42,1.3,0.73,0.12,0.01,0.56,0.31,4.24,5.76,1.53,330.41,2135.1,120.53
November,2009,7,River Tummel,NO 9755752143,7.2,0.52,1.69,0.57,0.12,0.01,0.58,0.32,4.22,5.58,1.36,233.98,3109.82,133.44
December,2009,7,River Tummel,NO 9755752143,5.1,0.47,1.62,0.59,0.1,0.01,0.47,0.24,4.06,6.53,2.47,224.23,3120.23,111.35
January,2010,7,River Tummel,NO 9755752143,3.7,0.47,0.75,0.61,0.12,0.01,0.58,0.32,4.12,6.12,2,220.99,1451.56,105.29
February,2010,7,River Tummel,NO 9755752143,3.3,0.49,0.98,0.43,0.12,0.01,0.6,0.34,4.61,7.61,3.01,152.95,1910.89,108.17
March,2010,7,River Tummel,NO 9755752143,7.1,0.43,1.01,0.54,0.12,0.01,0.58,0.32,4.9,6.81,1.9,220.77,1861.76,109.94
April,2010,7,River Tummel,NO 9755752143,10.1,0.4,1.55,0.36,0.16,0.01,0.79,0.47,5.16,7.36,2.2,163.78,2554.82,113.27
May,2010,7,River Tummel,NO 9755752143,13.5,0.36,1.5,0.32,0.15,0.01,0.74,0.44,4.17,6.71,2.54,163.19,2074.73,115.85
June,2010,7,River Tummel,NO 9755752143,16.3,0.33,1.34,0.3,0.17,0.01,0.82,0.5,5.16,7.59,2.43,166.7,1570.06,120
July,2010,7,River Tummel,NO 9755752143,17.5,0.33,1.24,0.49,0.18,0.01,0.87,0.53,7.69,9.57,1.88,282.86,1349.34,125.01
August,2010,7,River Tummel,NO 9755752143,16.1,0.4,1.38,0.59,0.13,0.01,0.63,0.36,4.91,7.15,2.24,323.51,1636.8,141.21
September,2010,7,River Tummel,NO 9755752143,12.3,0.48,1.77,0.62,0.14,0.01,0.67,0.39,6.36,9.3,2.94,305.15,2615.77,148.49
October,2010,7,River Tummel,NO 9755752143,9.6,0.54,1.57,0.69,0.14,0.01,0.66,0.38,5.27,7.4,2.14,*,*,*
November,2010,7,River Tummel,NO 9755752143,4.3,0.48,1.89,0.58,0.14,0.01,0.68,0.39,5.38,7.37,1.99,214.05,3669.46,110.03
December,2010,7,River Tummel,NO 9755752143,2.5,0.48,1.57,0.59,0.11,0.01,0.55,0.3,5.03,7.46,2.43,203.74,3054.55,102.97
February,2009,8,Tay Pitnacree,NN 9240353411,3.5,0.54,0.56,0.51,0.17,0.01,0.57,0.29,2.24,4.14,1.9,182.76,1091.79,122.06
March,2009,8,Tay Pitnacree,NN 9240353411,7.7,0.47,0.53,0.45,0.14,0.01,0.49,0.24,2.43,5.22,2.78,188.01,959.41,122.32
April,2009,8,Tay Pitnacree,NN 9240353411,8.8,0.4,0.51,0.47,0.12,0.01,0.44,0.2,2.92,6.73,3.81,204.24,886.07,107.98
May,2009,8,Tay Pitnacree,NN 9240353411,10.7,0.39,1.2,0.41,0.19,0.01,0.68,0.38,4.09,6.51,2.42,190.44,1923.52,114.14
June,2009,8,Tay Pitnacree,NN 9240353411,12.5,0.4,0.89,0.45,0.13,0.01,0.51,0.27,3.54,7.44,3.9,222.12,1301.21,124.36
July,2009,8,Tay Pitnacree,NN 9240353411,16.4,0.36,0.98,0.34,0.12,0.01,0.46,0.23,2.85,9.2,6.35,189.41,1141.25,131.43
August,2009,8,Tay Pitnacree,NN 9240353411,16.5,0.37,1.23,0.35,0.12,0.01,0.46,0.23,4.46,8.73,4.27,196.65,1423.64,134.84
September,2009,8,Tay Pitnacree,NN 9240353411,13.4,0.41,2.05,0.49,0.14,0.01,0.55,0.29,3.34,7.91,4.57,251.45,2850.27,131.83
October,2009,8,Tay Pitnacree,NN 9240353411,10.4,0.48,0.68,0.48,0.15,0.01,0.57,0.31,3.01,5.56,2.55,221.03,1105.94,139.42
November,2009,8,Tay Pitnacree,NN 9240353411,7.7,0.53,0.99,0.61,0.19,0.01,0.61,0.31,2.95,5.51,2.56,256.25,1788.78,137.27
December,2009,8,Tay Pitnacree,NN 9240353411,5.1,0.48,1.97,0.48,0.1,0.01,0.4,0.19,2.86,7.24,4.38,182.43,3799.62,114.28
January,2010,8,Tay Pitnacree,NN 9240353411,3.4,0.48,1.08,0.43,0.12,0.01,0.45,0.22,2.93,6.28,3.35,154.11,2107.22,106.32
February,2010,8,Tay Pitnacree,NN 9240353411,3.7,0.46,0.87,0.57,0.11,0.01,0.43,0.21,3.39,6.69,3.29,205.75,1695.04,103.44
March,2010,8,Tay Pitnacree,NN 9240353411,7.4,0.42,1.2,0.48,0.1,0.01,0.39,0.18,3.54,6.28,2.74,198.39,2192.6,109.32
April,2010,8,Tay Pitnacree,NN 9240353411,7.8,0.41,1.47,0.56,0.11,0.01,0.41,0.19,3.56,8.09,4.53,234.8,2646.72,106.2
May,2010,8,Tay Pitnacree,NN 9240353411,13.4,0.38,1.32,0.45,0.11,0.01,0.44,0.22,2.97,7.11,4.14,228.74,1836.11,123.53
June,2010,8,Tay Pitnacree,NN 9240353411,16.7,0.35,1.1,0.4,0.1,0.01,0.4,0.18,3.18,10.95,7.76,226.66,1257.61,128.39
July,2010,8,Tay Pitnacree,NN 9240353411,17.9,0.33,1.2,0.34,0.1,0.01,0.4,0.19,5.46,8.64,3.18,197.4,1273.76,125.93
August,2010,8,Tay Pitnacree,NN 9240353411,16.2,0.33,1.34,0.47,0.12,0.01,0.45,0.23,3.62,5.99,2.37,260.33,1579.7,116.99
September,2010,8,Tay Pitnacree,NN 9240353411,12.6,0.53,1.69,0.48,0.13,0.01,0.49,0.25,4.69,7.74,3.05,237.71,2457.48,164.42
October,2010,8,Tay Pitnacree,NN 9240353411,7.7,0.5,1.34,0.54,0.15,0.01,0.52,0.27,3.86,6.42,2.56,225.61,2425.5,130.6
November,2010,8,Tay Pitnacree,NN 9240353411,4.6,0.48,2.3,0.49,0.12,0.01,0.35,0.12,3.93,6.48,2.55,182.85,4453,111.36
December,2010,8,Tay Pitnacree,NN 9240353411,2.6,0.48,1.23,0.49,0.11,0.01,0.38,0.16,3.56,7.72,4.15,169.83,2394.36,103.86
February,2009,9,Tay Kenmore,NN 7821446706,3.15,0.48,0.39,0.44,0.11,0.01,0.33,0.1,5.06,8.17,3.11,155.63,760.45,107.11
March,2009,9,Tay Kenmore,NN 7821446706,7.9,0.41,0.34,0.36,0.12,0.01,0.36,0.12,2.5,4.64,2.13,150.97,609.2,107.61
April,2009,9,Tay Kenmore,NN 7821446706,8.9,0.39,0.34,0.37,0.11,0.01,0.31,0.09,2.64,5.43,2.78,159.54,597.97,104.78
May,2009,9,Tay Kenmore,NN 7821446706,9.92,0.42,1.01,0.32,0.12,0.01,0.35,0.12,3.21,5.14,1.93,143.91,1675.43,119.55
June,2009,9,Tay Kenmore,NN 7821446706,12.71,0.41,0.74,0.47,0.1,0.01,0.29,0.08,3.94,7.86,3.92,233.6,1069.61,128.65
July,2009,9,Tay Kenmore,NN 7821446706,16.15,0.37,0.82,0.28,0.11,0.01,0.31,0.09,3.19,8.85,5.66,154.86,969.63,133.24
August,2009,9,Tay Kenmore,NN 7821446706,16.32,0.32,1.05,0.44,0.12,0.01,0.34,0.11,3.68,7.57,3.89,241.77,1222.92,115.81
September,2009,9,Tay Kenmore,NN 7821446706,14.22,0.34,1.83,0.42,0.13,0.01,0.39,0.14,2.9,6.37,3.47,217.1,2429.2,112.06
October,2009,9,Tay Kenmore,NN 7821446706,10.7,0.41,0.46,0.36,0.13,0.01,0.38,0.14,2.93,4.97,2.04,167.59,737.74,118.4
November,2009,9,Tay Kenmore,NN 7821446706,8.1,0.49,0.84,0.59,0.1,0.01,0.29,0.08,2.95,5.02,2.07,251.47,1497.07,128.22
December,2009,9,Tay Kenmore,NN 7821446706,5.5,0.44,1.81,0.42,0.11,0.01,0.31,0.09,2.9,6.44,3.54,161.98,3469.84,105.54
January,2010,9,Tay Kenmore,NN 7821446706,3.1,0.45,0.92,0.37,0.11,0.01,0.32,0.1,3.22,6.2,2.98,129.75,1787.13,99.24
February,2010,9,Tay Kenmore,NN 7821446706,3.4,0.43,0.68,0.48,0.12,0.01,0.35,0.12,3.07,5.7,2.63,170.76,1322.54,96.22
March,2010,9,Tay Kenmore,NN 7821446706,7.5,0.39,1.05,0.43,0.1,0.01,0.29,0.08,3.25,5.53,2.28,178.36,1912.64,99.61
April,2010,9,Tay Kenmore,NN 7821446706,7.5,0.44,1.31,0.5,0.1,0.01,0.31,0.09,3.25,7.01,3.76,207.39,2380.72,113.61
May,2010,9,Tay Kenmore,NN 7821446706,13.9,0.41,1.14,0.37,0.12,0.01,0.34,0.11,3.03,7.58,4.55,188.52,1534.36,133.72
June,2010,9,Tay Kenmore,NN 7821446706,16.49,0.36,0.88,0.47,0.13,0.01,0.39,0.14,4.34,13.31,8.97,263.29,1020.8,130.95
July,2010,9,Tay Kenmore,NN 7821446706,17.64,0.42,0.98,0.28,0.13,0.01,0.38,0.14,3.62,6.7,3.08,161.45,1057.18,158.23
August,2010,9,Tay Kenmore,NN 7821446706,16.87,0.35,1.19,0.37,0.1,0.01,0.29,0.08,4.1,6.57,2.47,208.88,1346.35,128.39
September,2010,9,Tay Kenmore,NN 7821446706,12.22,0.51,1.53,0.24,0.11,0.01,0.31,0.09,3.08,5.43,2.35,117.38,2270.79,158.13
October,2010,9,Tay Kenmore,NN 7821446706,7.34,0.51,1.16,0.46,0.12,0.01,0.35,0.11,2.93,4.82,1.88,187.64,2114.17,130.52
November,2010,9,Tay Kenmore,NN 7821446706,4.32,0.44,2.08,0.55,0.14,0.01,0.39,0.14,3.64,5.96,2.32,203.65,4040.4,102.12
December,2010,9,Tay Kenmore,NN 7821446706,2.41,0.46,1.01,0.49,0.13,0.01,0.38,0.14,3.18,6.55,3.37,168.64,1963.93,98.43
